セクション,項目,逍客 2025款 改款 荣誉 2.0L CVT XV真心版,逍客 2025款 改款 荣誉 2.0L CVT XV+领先版,逍客 2025款 荣誉 2.0L CVT XV真心版,逍客 2025款 荣誉 2.0L CVT XV+领先版,逍客 2023款 1.3T CVT精英版,逍客 2023款 1.3T CVT豪华版,逍客 2023款 1.3T CVT黑金版,逍客 2023款 1.3T CVT领航版,逍客 2023款 1.3T CVT旗舰版,逍客 2023款 经典 2.0L CVT XV舒适版,逍客 2023款 经典 2.0L CVT XV+领先版,逍客 2023款 经典 2.0L CVT XV Prem.智享版
,厂商指导价(元),12.59万 计算器,13.49万 计算器,12.59万 计算器,13.49万 计算器,13.99万 计算器,15.49万 计算器,15.73万 计算器,16.29万 计算器,17.49万 计算器,12.59万 计算器,13.99万 计算器,14.59万 计算器
,经销商报价,8.93万起,9.83万起,8.93万起,10.03万起,9.99万起,11.49万起,11.73万起,12.29万起,13.49万起,8.59万起,9.99万起,10.59万起
基本参数,厂商,东风日产,东风日产,东风日产,东风日产,东风日产,东风日产,东风日产,东风日产,东风日产,东风日产,东风日产,东风日产
基本参数,级别,紧凑型SUV,紧凑型SUV,紧凑型SUV,紧凑型SUV,紧凑型SUV,紧凑型SUV,紧凑型SUV,紧凑型SUV,紧凑型SUV,紧凑型SUV,紧凑型SUV,紧凑型SUV
基本参数,能源类型,汽油,汽油,汽油,汽油,汽油,汽油,汽油,汽油,汽油,汽油,汽油,汽油
基本参数,环保标准,国VI,国VI,国VI,国VI,国VI,国VI,国VI,国VI,国VI,国VI,国VI,国VI
基本参数,上市时间,2025.07,2025.07,2024.10,2024.10,2023.08,2023.08,2024.08,2023.08,2023.08,2023.07,2023.07,2023.07
基本参数,最大功率(kW),111,111,111,111,116,116,116,116,116,111,111,111
基本参数,最大扭矩(N·m),194,194,194,194,270,270,270,270,270,194,194,194
基本参数,变速箱,CVT无级变速(模拟7挡),CVT无级变速(模拟7挡),CVT无级变速(模拟7挡),CVT无级变速(模拟7挡),CVT无级变速,CVT无级变速,CVT无级变速,CVT无级变速,CVT无级变速,CVT无级变速(模拟7挡),CVT无级变速(模拟7挡),CVT无级变速(模拟7挡)
基本参数,车身结构,5门5座SUV,5门5座SUV,5门5座SUV,5门5座SUV,5门5座SUV,5门5座SUV,5门5座SUV,5门5座SUV,5门5座SUV,5门5座SUV,5门5座SUV,5门5座SUV
基本参数,发动机,2.0L 151马力 L4,2.0L 151马力 L4,2.0L 151马力 L4,2.0L 151马力 L4,1.3T 158马力 L4,1.3T 158马力 L4,1.3T 158马力 L4,1.3T 158马力 L4,1.3T 158马力 L4,2.0L 151马力 L4,2.0L 151马力 L4,2.0L 151马力 L4
基本参数,长*宽*高(mm),4407*1837*1610,4407*1837*1610,4407*1837*1610,4407*1837*1610,4440*1840*1627,4440*1840*1627,4440*1840*1627,4440*1840*1627,4440*1840*1627,4401*1837*1593,4401*1837*1611,4401*1837*1611
基本参数,官方0-100km/h加速(s),-,-,-,-,-,-,-,-,-,-,-,-
基本参数,最高车速(km/h),186,186,186,186,196,196,196,191,191,186,186,186
基本参数,WLTC综合油耗(L/100km),6.89,6.99,6.67,6.79,6.59,6.71,6.71,7,7,6.67,6.79,6.79
基本参数,整车质保,● 三年或10万公里,● 三年或10万公里,● 三年或10万公里,● 三年或10万公里,-,-,-,-,-,● 三年或10万公里,● 三年或10万公里,● 三年或10万公里
基本参数,整备质量(kg),1400,1417,1424,1449,1451,1505,1505,1513,1518,1444,1469,1469
基本参数,最大满载质量(kg),1890,1890,1890,1890,1935,1935,1935,1935,1935,1890,1890,1890
车身,长度(mm),4407,4407,4407,4407,4440,4440,4440,4440,4440,4401,4401,4401
车身,宽度(mm),1837,1837,1837,1837,1840,1840,1840,1840,1840,1837,1837,1837
车身,高度(mm),1610,1610,1610,1610,1627,1627,1627,1627,1627,1593,1611,1611
车身,轴距(mm),2646,2646,2646,2646,2665,2665,2665,2665,2665,2646,2646,2646
车身,前轮距(mm),1585,1585,1585,1585,1587,1577,1577,1577,1577,1585,1585,1585
车身,后轮距(mm),1581,1581,1581,1581,1584,1574,1574,1574,1574,1581,1581,1581
车身,空载最小离地间隙(mm),181,183,181,183,185,185,185,185,185,181,183,183
车身,接近角(°),16,17,16,17,16,17,17,17,17,16,17,17
车身,离去角(°),22,22,22,22,20,20,20,20,20,22,22,22
车身,最小转弯半径(m),5.45,5.45,5.45,5.45,5.4,5.4,5.4,5.4,5.4,5.45,5.45,5.45
车身,车身结构,SUV,SUV,SUV,SUV,SUV,SUV,SUV,SUV,SUV,SUV,SUV,SUV
车身,车门开启方式,平开门,平开门,平开门,平开门,平开门,平开门,平开门,平开门,平开门,平开门,平开门,平开门
车身,车门数(个),● 5,● 5,● 5,● 5,● 5,● 5,● 5,● 5,● 5,● 5,● 5,● 5
车身,座位数(个),● 5,● 5,● 5,● 5,● 5,● 5,● 5,● 5,● 5,● 5,● 5,● 5
车身,油箱容积(L),57,57,57,57,55,55,55,55,55,57,57,57
车身,后备厢容积(L),486,486,486,486,456,456,456,456,456,486,486,486
车身,风阻系数(Cd),-,-,-,-,-,-,-,-,-,-,-,-
发动机,发动机型号,MR20,MR20,MR20,MR20,HR13,HR13,HR13,HR13,HR13,MR20,MR20,MR20
发动机,排量(mL),1997,1997,1997,1997,1332,1332,1332,1332,1332,1997,1997,1997
发动机,排量(L),2.0,2.0,2.0,2.0,1.3,1.3,1.3,1.3,1.3,2.0,2.0,2.0
发动机,进气形式,自然吸气,自然吸气,自然吸气,自然吸气,涡轮增压,涡轮增压,涡轮增压,涡轮增压,涡轮增压,自然吸气,自然吸气,自然吸气
发动机,发动机布局,横置,横置,横置,横置,横置,横置,横置,横置,横置,横置,横置,横置
发动机,气缸排列形式,L,L,L,L,L,L,L,L,L,L,L,L
发动机,气缸数(个),4,4,4,4,4,4,4,4,4,4,4,4
发动机,每缸气门数(个),4,4,4,4,4,4,4,4,4,4,4,4
发动机,压缩比,11.7,11.7,11.7,11.7,10.5,10.5,10.5,10.5,10.5,11.7,11.7,11.7
发动机,配气机构,DOHC,DOHC,DOHC,DOHC,DOHC,DOHC,DOHC,DOHC,DOHC,DOHC,DOHC,DOHC
发动机,最大马力(Ps),151,151,151,151,158,158,158,158,158,151,151,151
发动机,最大功率(kW),111,111,111,111,116,116,116,116,116,111,111,111
发动机,最大功率转速(rpm),6000,6000,6000,6000,5500,5500,5500,5500,5500,6000,6000,6000
发动机,最大扭矩(N·m),194,194,194,194,270,270,270,270,270,194,194,194
发动机,最大扭矩转速(rpm),4400,4400,4400,4400,1800-3750,1800-3750,1800-3750,1800-3750,1800-3750,4400,4400,4400
发动机,最大净功率(kW),103,103,103,103,116,116,116,116,116,103,103,103
发动机,能源类型,汽油,汽油,汽油,汽油,汽油,汽油,汽油,汽油,汽油,汽油,汽油,汽油
发动机,燃油标号,92号,92号,92号,92号,92号,92号,92号,92号,92号,92号,92号,92号
发动机,供油方式,直喷,直喷,直喷,直喷,直喷,直喷,直喷,直喷,直喷,直喷,直喷,直喷
发动机,缸盖材料,铝合金,铝合金,铝合金,铝合金,铝合金,铝合金,铝合金,铝合金,铝合金,铝合金,铝合金,铝合金
发动机,缸体材料,铝合金,铝合金,铝合金,铝合金,铝合金,铝合金,铝合金,铝合金,铝合金,铝合金,铝合金,铝合金
发动机,环保标准,国VI,国VI,国VI,国VI,国VI,国VI,国VI,国VI,国VI,国VI,国VI,国VI
变速箱,简称,CVT无级变速(模拟7挡),CVT无级变速(模拟7挡),CVT无级变速(模拟7挡),CVT无级变速(模拟7挡),CVT无级变速,CVT无级变速,CVT无级变速,CVT无级变速,CVT无级变速,CVT无级变速(模拟7挡),CVT无级变速(模拟7挡),CVT无级变速(模拟7挡)
变速箱,挡位个数,7,7,7,7,无级变速,无级变速,无级变速,无级变速,无级变速,7,7,7
变速箱,变速箱类型,无级变速箱(CVT),无级变速箱(CVT),无级变速箱(CVT),无级变速箱(CVT),无级变速箱(CVT),无级变速箱(CVT),无级变速箱(CVT),无级变速箱(CVT),无级变速箱(CVT),无级变速箱(CVT),无级变速箱(CVT),无级变速箱(CVT)
底盘转向,驱动方式,● 前置前驱,● 前置前驱,● 前置前驱,● 前置前驱,● 前置前驱,● 前置前驱,● 前置前驱,● 前置前驱,● 前置前驱,● 前置前驱,● 前置前驱,● 前置前驱
底盘转向,前悬架类型,● 麦弗逊式独立悬架,● 麦弗逊式独立悬架,● 麦弗逊式独立悬架,● 麦弗逊式独立悬架,● 麦弗逊式独立悬架,● 麦弗逊式独立悬架,● 麦弗逊式独立悬架,● 麦弗逊式独立悬架,● 麦弗逊式独立悬架,● 麦弗逊式独立悬架,● 麦弗逊式独立悬架,● 麦弗逊式独立悬架
底盘转向,后悬架类型,● 多连杆式独立悬架,● 多连杆式独立悬架,● 多连杆式独立悬架,● 多连杆式独立悬架,● 多连杆式独立悬架,● 多连杆式独立悬架,● 多连杆式独立悬架,● 多连杆式独立悬架,● 多连杆式独立悬架,● 多连杆式独立悬架,● 多连杆式独立悬架,● 多连杆式独立悬架
底盘转向,助力类型,● 电动助力,● 电动助力,● 电动助力,● 电动助力,● 电动助力,● 电动助力,● 电动助力,● 电动助力,● 电动助力,● 电动助力,● 电动助力,● 电动助力
底盘转向,车体结构,承载式,承载式,承载式,承载式,承载式,承载式,承载式,承载式,承载式,承载式,承载式,承载式
车轮制动,前制动器类型,● 通风盘式,● 通风盘式,● 通风盘式,● 通风盘式,● 通风盘式,● 通风盘式,● 通风盘式,● 通风盘式,● 通风盘式,● 通风盘式,● 通风盘式,● 通风盘式
车轮制动,后制动器类型,● 通风盘式,● 通风盘式,● 通风盘式,● 通风盘式,● 通风盘式,● 通风盘式,● 通风盘式,● 通风盘式,● 通风盘式,● 通风盘式,● 通风盘式,● 通风盘式
车轮制动,驻车制动类型,● 电子驻车,● 电子驻车,● 电子驻车,● 电子驻车,● 电子驻车,● 电子驻车,● 电子驻车,● 电子驻车,● 电子驻车,● 电子驻车,● 电子驻车,● 电子驻车
车轮制动,前轮胎规格,● 215/60 R17,● 215/55 R18,● 215/60 R17,● 215/55 R18,● 215/65 R17,● 235/55 R18,● 235/55 R18,● 235/50 R19,● 235/50 R19,● 215/60 R17,● 215/55 R18,● 215/55 R18
车轮制动,后轮胎规格,● 215/60 R17,● 215/55 R18,● 215/60 R17,● 215/55 R18,● 215/65 R17,● 235/55 R18,● 235/55 R18,● 235/50 R19,● 235/50 R19,● 215/60 R17,● 215/55 R18,● 215/55 R18
车轮制动,备胎规格,● 非全尺寸,● 非全尺寸,● 非全尺寸,● 非全尺寸,● 非全尺寸,● 非全尺寸,● 非全尺寸,● 非全尺寸,● 非全尺寸,● 非全尺寸,● 非全尺寸,● 非全尺寸
被动安全,主/副驾驶座安全气囊,主 ● / 副 ●,主 ● / 副 ●,主 ● / 副 ●,主 ● / 副 ●,主 ● / 副 ●,主 ● / 副 ●,主 ● / 副 ●,主 ● / 副 ●,主 ● / 副 ●,主 ● / 副 ●,主 ● / 副 ●,主 ● / 副 ●
被动安全,前/后排侧气囊,前 ● / 后-,前 ● / 后-,前 ● / 后-,前 ● / 后-,前 ● / 后-,前 ● / 后-,前 ● / 后-,前 ● / 后-,前 ● / 后-,前 ● / 后-,前 ● / 后-,前 ● / 后-
被动安全,前/后排头部气囊(气帘),前 ● / 后 ●,前 ● / 后 ●,前 ● / 后 ●,前 ● / 后 ●,前 ● / 后 ●,前 ● / 后 ●,前 ● / 后 ●,前 ● / 后 ●,前 ● / 后 ●,前 ● / 后 ●,前 ● / 后 ●,前 ● / 后 ●
主动安全,ABS防抱死,●,●,●,●,●,●,●,●,●,●,●,●
主动安全,制动力分配(EBD/CBC等),●,●,●,●,●,●,●,●,●,●,●,●
主动安全,刹车辅助(EBA/BAS/BA等),●,●,●,●,●,●,●,●,●,●,●,●
主动安全,牵引力控制(ASR/TCS/TRC等),●,●,●,●,●,●,●,●,●,●,●,●
主动安全,车身稳定控制(ESC/ESP/DSC等),●,●,●,●,●,●,●,●,●,●,●,●
主动安全,胎压监测功能,● 胎压显示,● 胎压显示,● 胎压显示,● 胎压显示,● 胎压显示,● 胎压显示,● 胎压显示,● 胎压显示,● 胎压显示,● 胎压显示,● 胎压显示,● 胎压显示
主动安全,安全带未系提醒,● 前排,● 前排,● 前排,● 前排,● 全车,● 全车,● 全车,● 全车,● 全车,● 前排,● 前排,● 前排
主动安全,ISOFIX儿童座椅接口,●,●,●,●,●,●,●,●,●,●,●,●
主动安全,车道偏离预警系统,-,-,-,-,-,●,●,●,●,-,-,●
主动安全,主动刹车/主动安全系统,-,-,-,-,-,●,●,●,●,-,-,●
主动安全,疲劳驾驶提示,-,-,-,-,-,●,●,●,●,-,-,-
主动安全,前方碰撞预警,-,-,-,-,-,●,●,●,●,-,-,●
主动安全,后方碰撞预警,-,-,-,-,-,-,-,●,●,-,-,-
主动安全,移动物体预警系统,-,-,-,-,-,-,-,●,●,-,-,●
主动安全,内置行车记录仪,○,○,○,○,-,-,-,-,-,●,●,●
主动安全,道路救援呼叫,-,-,-,-,-,●,●,●,●,-,-,-
驾驶操控,驾驶模式切换,● 经济,● 经济,● 经济,● 经济,"● 运动
● 经济
● 标准/舒适","● 运动
● 经济
● 标准/舒适","● 运动
● 经济
● 标准/舒适","● 运动
● 经济
● 标准/舒适","● 运动
● 经济
● 标准/舒适",● 经济,● 经济,● 经济
驾驶操控,发动机启停技术,-,-,●,●,●,●,●,●,●,●,●,●
驾驶操控,自动驻车,-,-,-,-,●,●,●,●,●,-,-,-
驾驶操控,上坡辅助,●,●,●,●,●,●,●,●,●,●,●,●
驾驶硬件,前/后驻车雷达,前- / 后 ○,前- / 后 ○,前- / 后 ○,前- / 后 ○,-,-,-,前 ● / 后 ●,前 ● / 后 ●,-,-,前 ● / 后 ●
驾驶硬件,驾驶辅助影像,○ 倒车影像,● 360度全景影像,○ 倒车影像,● 360度全景影像,● 倒车影像,● 倒车影像,● 倒车影像,● 360度全景影像,● 360度全景影像,● 倒车影像,● 倒车影像,● 360度全景影像
驾驶硬件,前方感知摄像头,-,-,-,-,-,● 单目,● 单目,● 单目,● 单目,-,-,● 单目
驾驶硬件,摄像头数量,○ 1个,● 4个,○ 1个,● 4个,● 1个,● 2个,● 2个,● 5个,● 5个,● 1个,● 1个,● 5个
驾驶硬件,超声波雷达数量,-,-,-,-,-,-,-,● 8个,● 8个,-,-,● 8个
驾驶功能,巡航系统,● 定速巡航,● 定速巡航,● 定速巡航,● 定速巡航,-,● 全速自适应巡航,● 全速自适应巡航,● 全速自适应巡航,● 全速自适应巡航,-,-,● 定速巡航
驾驶功能,辅助驾驶系统,-,-,-,-,-,● ProPILOT,● ProPILOT,● ProPILOT,● ProPILOT,-,-,-
驾驶功能,辅助驾驶等级,-,-,-,-,-,● L2,● L2,● L2,● L2,-,-,-
驾驶功能,倒车车侧预警系统,-,-,-,-,-,●,●,●,●,-,-,●
驾驶功能,卫星导航系统,●,●,●,●,●,●,●,●,●,●,●,●
驾驶功能,导航路况信息显示,●,●,●,●,●,●,●,●,●,●,●,●
驾驶功能,地图品牌,● 高德,● 高德,● 高德,● 高德,● 高德,● 高德,● 高德,● 高德,● 高德,● 高德,● 高德,● 高德
驾驶功能,并线辅助,-,-,-,-,-,●,●,●,●,-,-,●
驾驶功能,车道保持辅助系统,-,-,-,-,-,●,●,●,●,-,-,-
驾驶功能,车道居中保持,-,-,-,-,-,●,●,●,●,-,-,-
驾驶功能,道路交通标识识别,-,-,-,-,-,●,●,●,●,-,-,-
驾驶功能,辅助泊车入位,-,-,-,-,-,-,-,-,-,-,-,-
外观/防盗,轮圈材质,● 铝合金,● 铝合金,● 铝合金,● 铝合金,● 铝合金,● 铝合金,● 铝合金,● 铝合金,● 铝合金,● 铝合金,● 铝合金,● 铝合金
外观/防盗,车顶行李架,-,-,-,-,-,○,○,●,●,-,●,●
外观/防盗,发动机电子防盗,●,●,●,●,●,●,●,●,●,●,●,●
外观/防盗,车内中控锁,●,●,●,●,●,●,●,●,●,●,●,●
外观/防盗,钥匙类型,● 遥控钥匙,● 遥控钥匙,● 遥控钥匙,● 遥控钥匙,● 遥控钥匙,● 遥控钥匙,● 遥控钥匙,● 遥控钥匙,● 遥控钥匙,● 遥控钥匙,● 遥控钥匙,● 遥控钥匙
外观/防盗,无钥匙启动系统,●,●,●,●,●,●,●,●,●,●,●,●
外观/防盗,无钥匙进入功能,● 前排,● 前排,● 前排,● 前排,-,● 前排,● 前排,● 前排,● 前排,● 前排,● 前排,● 前排
外观/防盗,主动闭合式进气格栅,●,●,●,●,●,●,●,●,●,-,-,-
外观/防盗,远程启动功能,●,●,●,●,-,●,●,●,●,●,●,●
车外灯光,近光灯光源,● LED,● LED,● LED,● LED,● LED,● LED,● LED,● LED,● LED,● 卤素,● LED,● LED
车外灯光,远光灯光源,● LED,● LED,● LED,● LED,● LED,● LED,● LED,● LED,● LED,● 卤素,● LED,● LED
车外灯光,LED日间行车灯,●,●,●,●,●,●,●,●,●,●,●,●
车外灯光,自适应远近光,-,-,-,-,-,●,●,●,●,-,-,-
车外灯光,自动头灯,●,●,●,●,●,●,●,●,●,●,●,●
车外灯光,车前雾灯,-,-,-,-,-,-,-,-,-,-,-,● 卤素
车外灯光,大灯高度可调,●,●,●,●,●,●,●,●,●,●,●,●
车外灯光,大灯延时关闭,●,●,●,●,●,●,●,●,●,●,●,●
天窗/玻璃,天窗类型,-,● 不可开启全景天窗,-,● 不可开启全景天窗,-,● 可开启全景天窗,● 可开启全景天窗,● 可开启全景天窗,● 可开启全景天窗,-,● 不可开启全景天窗,● 不可开启全景天窗
天窗/玻璃,前/后电动车窗,前 ● / 后 ●,前 ● / 后 ●,前 ● / 后 ●,前 ● / 后 ●,前 ● / 后 ●,前 ● / 后 ●,前 ● / 后 ●,前 ● / 后 ●,前 ● / 后 ●,前 ● / 后 ●,前 ● / 后 ●,前 ● / 后 ●
天窗/玻璃,车窗一键升降功能,● 驾驶位,● 驾驶位,● 驾驶位,● 驾驶位,● 全车,● 全车,● 全车,● 全车,● 全车,● 驾驶位,● 驾驶位,● 驾驶位
天窗/玻璃,车窗防夹手功能,●,●,●,●,●,●,●,●,●,●,●,●
天窗/玻璃,车内化妆镜,"● 主驾位
● 副驾驶","● 主驾位
● 副驾驶","● 主驾位
● 副驾驶","● 主驾位
● 副驾驶","● 主驾位
● 副驾驶","● 主驾位
● 副驾驶","● 主驾位
● 副驾驶","● 主驾位
● 副驾驶","● 主驾位
● 副驾驶","● 主驾位
● 副驾驶","● 主驾位
● 副驾驶","● 主驾位
● 副驾驶"
天窗/玻璃,后雨刷,●,●,●,●,●,●,●,●,●,●,●,●
天窗/玻璃,感应雨刷功能,● 速度感应式,● 速度感应式,● 速度感应式,● 速度感应式,● 速度感应式,● 速度感应式,● 速度感应式,● 速度感应式,● 速度感应式,● 速度感应式,● 速度感应式,● 速度感应式
外后视镜,外后视镜功能,● 电动调节,● 电动调节,● 电动调节,● 电动调节,● 电动调节,● 电动调节,● 电动调节,"● 电动调节
● 电动折叠
● 后视镜加热
● 锁车自动折叠","● 电动调节
● 电动折叠
● 后视镜加热
● 锁车自动折叠",● 电动调节,● 电动调节,"● 电动调节
● 后视镜加热"
屏幕/系统,中控彩色屏幕,● 触控液晶屏,● 触控液晶屏,● 触控液晶屏,● 触控液晶屏,● 触控液晶屏,● 触控液晶屏,● 触控液晶屏,● 触控液晶屏,● 触控液晶屏,● 触控液晶屏,● 触控液晶屏,● 触控液晶屏
屏幕/系统,中控屏幕尺寸,● 12.3英寸,● 12.3英寸,● 12.3英寸,● 12.3英寸,● 12.3英寸,● 12.3英寸,● 12.3英寸,● 12.3英寸,● 12.3英寸,● 9英寸,● 9英寸,● 9英寸
屏幕/系统,蓝牙/车载电话,●,●,●,●,●,●,●,●,●,●,●,●
屏幕/系统,手机互联/映射,-,-,-,-,-,-,-,-,-,-,-,-
屏幕/系统,语音识别控制系统,"● 多媒体系统
● 导航
● 电话
● 空调","● 多媒体系统
● 导航
● 电话
● 空调","● 多媒体系统
● 导航
● 电话
● 空调","● 多媒体系统
● 导航
● 电话
● 空调","● 多媒体系统
● 导航
● 电话
● 车窗","● 多媒体系统
● 导航
● 电话
● 空调
● 天窗
● 车窗","● 多媒体系统
● 导航
● 电话
● 空调
● 天窗
● 车窗
● 座椅加热","● 多媒体系统
● 导航
● 电话
● 空调
● 天窗
● 车窗","● 多媒体系统
● 导航
● 电话
● 空调
● 天窗
● 车窗
● 座椅加热","● 多媒体系统
● 导航
● 电话
● 空调","● 多媒体系统
● 导航
● 电话
● 空调","● 多媒体系统
● 导航
● 电话
● 空调"
屏幕/系统,语音免唤醒词,●,●,●,●,●,●,●,●,●,●,●,●
屏幕/系统,语音连续识别,-,-,-,-,●,●,●,●,●,-,-,-
屏幕/系统,声纹识别,-,-,-,-,●,●,●,●,●,-,-,-
屏幕/系统,车载智能系统,● Nissan Connect超智联,● Nissan Connect超智联,● Nissan Connect超智联,● Nissan Connect超智联,● Nissan Connect超智联,● Nissan Connect超智联,● Nissan Connect超智联,● Nissan Connect超智联,● Nissan Connect超智联,● Nissan Connect超智联,● Nissan Connect超智联,● Nissan Connect超智联
智能化配置,车联网,●,●,●,●,●,●,●,●,●,●,●,●
智能化配置,4G/5G网络,● 4G,● 4G,● 4G,● 4G,● 4G,● 4G,● 4G,● 4G,● 4G,● 4G,● 4G,● 4G
智能化配置,OTA升级,●,●,●,●,●,●,●,●,●,●,●,●
智能化配置,Wi-Fi热点,●,●,●,●,●,●,●,●,●,●,●,●
智能化配置,手机APP远程功能,"● 车门控制
● 车辆启动
● 车灯控制
● 空调控制
● 车况查询/诊断
● 车辆定位/寻车
● 预约保养/维修","● 车门控制
● 车辆启动
● 车灯控制
● 空调控制
● 车况查询/诊断
● 车辆定位/寻车
● 预约保养/维修","● 车门控制
● 车辆启动
● 车灯控制
● 空调控制
● 车况查询/诊断
● 车辆定位/寻车
● 预约保养/维修","● 车门控制
● 车辆启动
● 车灯控制
● 空调控制
● 车况查询/诊断
● 车辆定位/寻车
● 预约保养/维修","● 车门控制
● 车灯控制
● 车况查询/诊断
● 车辆定位/寻车","● 车门控制
● 车辆启动
● 车灯控制
● 空调控制
● 车况查询/诊断
● 车辆定位/寻车","● 车门控制
● 车辆启动
● 车灯控制
● 空调控制
● 车况查询/诊断
● 车辆定位/寻车","● 车门控制
● 车辆启动
● 车灯控制
● 空调控制
● 车况查询/诊断
● 车辆定位/寻车","● 车门控制
● 车辆启动
● 车灯控制
● 空调控制
● 座椅加热
● 车况查询/诊断
● 车辆定位/寻车","● 车门控制
● 车辆启动
● 车灯控制
● 空调控制
● 车况查询/诊断
● 车辆定位/寻车
● 预约保养/维修","● 车门控制
● 车辆启动
● 车灯控制
● 空调控制
● 车况查询/诊断
● 车辆定位/寻车
● 预约保养/维修","● 车门控制
● 车辆启动
● 车灯控制
● 空调控制
● 车况查询/诊断
● 车辆定位/寻车
● 预约保养/维修"
方向盘/内后视镜,方向盘材质,● 塑料,● 皮质,● 塑料,● 皮质,● 塑料,● 真皮,● 真皮,● 真皮,● 真皮,● 塑料,● 真皮,● 真皮
方向盘/内后视镜,方向盘位置调节,● 手动上下+前后调节,● 手动上下+前后调节,● 手动上下+前后调节,● 手动上下+前后调节,● 手动上下+前后调节,● 手动上下+前后调节,● 手动上下+前后调节,● 手动上下+前后调节,● 手动上下+前后调节,● 手动上下+前后调节,● 手动上下+前后调节,● 手动上下+前后调节
方向盘/内后视镜,换挡形式,● 机械挡把换挡,● 机械挡把换挡,● 机械挡把换挡,● 机械挡把换挡,● 电子挡把换挡,● 电子挡把换挡,● 电子挡把换挡,● 电子挡把换挡,● 电子挡把换挡,● 机械挡把换挡,● 机械挡把换挡,● 机械挡把换挡
方向盘/内后视镜,多功能方向盘,●,●,●,●,●,●,●,●,●,●,●,●
方向盘/内后视镜,方向盘换挡拨片,-,-,-,-,●,●,●,●,●,-,-,-
方向盘/内后视镜,方向盘加热,-,-,-,-,-,-,-,-,-,-,-,-
方向盘/内后视镜,方向盘记忆,-,-,-,-,-,-,-,-,-,-,-,-
方向盘/内后视镜,行车电脑显示屏幕,● 彩色,● 彩色,● 彩色,● 彩色,● 彩色,● 彩色,● 彩色,● 彩色,● 彩色,● 彩色,● 彩色,● 彩色
方向盘/内后视镜,全液晶仪表盘,-,-,-,-,-,-,-,●,●,-,-,-
方向盘/内后视镜,液晶仪表尺寸,● 5英寸,● 5英寸,● 5英寸,● 5英寸,● 7英寸,● 7英寸,● 7英寸,● 12.3英寸,● 12.3英寸,● 5英寸,● 5英寸,● 5英寸
方向盘/内后视镜,HUD抬头数字显示,-,-,-,-,-,-,-,-,●,-,-,-
方向盘/内后视镜,内后视镜功能,"● 手动防眩目
○ 流媒体","● 手动防眩目
○ 流媒体","● 手动防眩目
○ 流媒体","● 手动防眩目
○ 流媒体",● 手动防眩目,● 手动防眩目,● 手动防眩目,● 手动防眩目,● 自动防眩目,● 手动防眩目,● 手动防眩目,● 手动防眩目
车内充电,多媒体/充电接口,● USB,● USB,● USB,● USB,"● USB
● Type-C","● USB
● Type-C","● USB
● Type-C","● USB
● Type-C","● USB
● Type-C",● USB,● USB,● USB
车内充电,USB/Type-C接口数量,● 前排1个,● 前排1个,● 前排1个,● 前排1个,● 前排2个/后排1个,● 前排2个/后排2个,● 前排2个/后排2个,● 前排2个/后排2个,● 前排2个/后排2个,● 前排1个,● 前排1个,● 前排1个/后排1个
车内充电,手机无线充电功能,-,-,-,-,-,-,-,● 前排,● 前排,-,-,-
座椅配置,座椅材质,● 仿皮,● 仿皮,● 仿皮,● 仿皮,● 织物,● 皮/织物混搭,● 仿皮,● 皮/织物混搭,● 真皮,● 仿皮,● 仿皮,● 仿皮
座椅配置,主座椅调节方式,"● 前后调节
● 靠背调节
● 高低调节(2向)","● 前后调节
● 靠背调节
● 高低调节(2向)","● 前后调节
● 靠背调节
● 高低调节(2向)","● 前后调节
● 靠背调节
● 高低调节(2向)","● 前后调节
● 靠背调节
● 高低调节(2向)","● 前后调节
● 靠背调节
● 高低调节(4向)
● 腰部支撑(2向)","● 前后调节
● 靠背调节
● 高低调节(4向)
● 腰部支撑(2向)","● 前后调节
● 靠背调节
● 高低调节(4向)
● 腰部支撑(2向)","● 前后调节
● 靠背调节
● 高低调节(4向)
● 腰部支撑(2向)","● 前后调节
● 靠背调节
● 高低调节(2向)","● 前后调节
● 靠背调节
● 高低调节(2向)","● 前后调节
● 靠背调节
● 高低调节(2向)"
座椅配置,副座椅调节方式,"● 前后调节
● 靠背调节","● 前后调节
● 靠背调节","● 前后调节
● 靠背调节","● 前后调节
● 靠背调节","● 前后调节
● 靠背调节","● 前后调节
● 靠背调节","● 前后调节
● 靠背调节","● 前后调节
● 靠背调节","● 前后调节
● 靠背调节","● 前后调节
● 靠背调节","● 前后调节
● 靠背调节","● 前后调节
● 靠背调节"
座椅配置,主/副驾驶座电动调节,-,主 ● / 副-,-,主 ● / 副-,-,主 ● / 副-,主 ● / 副-,主 ● / 副-,主 ● / 副 ●,-,主 ● / 副-,主 ● / 副-
座椅配置,前排座椅功能,-,-,-,-,-,-,"● 加热
● 通风",-,● 加热,-,-,-
座椅配置,电动座椅记忆功能,-,-,-,-,-,-,-,-,-,-,-,-
座椅配置,副驾驶位后排可调节按钮,-,-,-,-,-,-,-,-,-,-,-,-
座椅配置,第二排座椅调节,-,-,-,-,● 靠背调节,● 靠背调节,● 靠背调节,● 靠背调节,● 靠背调节,-,-,-
座椅配置,后排座椅放倒形式,● 比例放倒,● 比例放倒,● 比例放倒,● 比例放倒,● 比例放倒,● 比例放倒,● 比例放倒,● 比例放倒,● 比例放倒,● 比例放倒,● 比例放倒,● 比例放倒
座椅配置,前/后中央扶手,前 ● / 后-,前 ● / 后-,前 ● / 后-,前 ● / 后-,前 ● / 后-,前 ● / 后-,前 ● / 后-,前 ● / 后 ●,前 ● / 后 ●,前 ● / 后 ●,前 ● / 后 ●,前 ● / 后 ●
座椅配置,后排杯架,-,-,-,-,-,-,-,●,●,●,●,●
音响/车内灯光,扬声器品牌名称,-,-,-,-,-,-,-,-,-,-,-,-
音响/车内灯光,扬声器数量,● 4喇叭,● 4喇叭,● 4喇叭,● 4喇叭,● 4喇叭,● 6喇叭,● 6喇叭,● 6喇叭,● 6喇叭,● 4喇叭,● 4喇叭,● 4喇叭
音响/车内灯光,车内环境氛围灯,-,-,-,-,-,-,-,-,● 单色,-,-,-
空调/冰箱,空调温度控制方式,● 自动空调,● 自动空调,● 自动空调,● 自动空调,● 手动空调,● 自动空调,● 自动空调,● 自动空调,● 自动空调,● 自动空调,● 自动空调,● 自动空调
空调/冰箱,后排独立空调,-,-,-,-,-,-,-,-,-,-,-,-
空调/冰箱,后座出风口,●,●,●,●,●,●,●,●,●,●,●,●
空调/冰箱,温度分区控制,●,●,●,●,-,●,●,●,●,●,●,●
空调/冰箱,车载空气净化器,-,-,-,-,-,-,-,-,-,-,-,-
空调/冰箱,车内PM2.5过滤装置,●,●,●,●,●,●,●,●,●,●,●,●
颜色,外观颜色,–,–,–,–,–,–,–,–,–,–,–,–
颜色,内饰颜色,–,–,–,–,–,–,–,–,–,–,–,–
