rank_seq,brand,brand_url,title_raw
1,智能助手,https://www.autohome.com.cn/cars/aichat,智能助手
2,发布作品,https://creator.autohome.com.cn/web/home?pvareaid=6861421,发布作品
3,选车,https://www.autohome.com.cn/price#pvareaid=6861598,选车
4,国家补贴,https://mf.autohome.com.cn/v3/pc/8306?type=m&pvareaid=6865344,国家补贴
5,图库,https://www.autohome.com.cn/cars/imglist,图库
6,顶极片场,https://www.autohome.com.cn/discovery#pvareaid=6867149,顶极片场
7,车家号,https://chejiahao.autohome.com.cn/#pvareaid=3311237,车家号
8,超级补贴,https://mall.autohome.com.cn/#pvareaid=3311247,超级补贴
9,品牌空间,https://page.autohome.com.cn/pc/brandspace/page?pvareaid=6864659,品牌空间
10,用车,https://yongche.autohome.com.cn/?pvareaid=6849207,用车
11,上市新车,https://www.autohome.com.cn/newbrand/#pvareaid=3311231,上市新车
12,游记,https://www.autohome.com.cn/youji/#pvareaid=3311234,游记
13,行业,https://www.autohome.com.cn/hangye/#pvareaid=6825588,行业
14,超级测试,https://v.autohome.com.cn/u/230531409/#pvareaid=3454181,超级测试
15,新车首测,https://v.autohome.com.cn/u/268471935/#pvareaid=3454181,新车首测
16,好家伙,https://v.autohome.com.cn/u/216243250,好家伙
17,崛起之路,https://v.autohome.com.cn/u/268471927/#pvareaid=3454181,崛起之路
18,智能工作室,https://v.autohome.com.cn/u/268471923/#pvareaid=3454181,智能工作室
19,之家赛车队,https://v.autohome.com.cn/u/220474492,之家赛车队
20,精选,https://club.autohome.com.cn/jingxuan/#pvareaid=3311254,精选
21,智能展厅,https://vr4s.autohome.com.cn/110100?pvareaid=3311250,智能展厅
22,车主服务,https://yongche.autohome.com.cn/#pvareaid=6867896,车主服务
23,汽派车衣,https://qipai.autohome.com.cn/?pvareaid=6861205,汽派车衣
24,购车计算,https://j.autohome.com.cn/pc/carcounter?pvareaid=3311585&type=1,购车计算
25,找贷款,https://j.autohome.com.cn/pc/home#pvareaid=3311587,找贷款
26,VIP音乐,https://m.autohome.com.cn/activity/special/music-pay/index.html,VIP音乐
27,新能源榜,https://www.autohome.com.cn/rank/9-2305-0-0_9000-x-x-x/2025-08.html,新能源榜
28,千里智测榜,https://www.autohome.com.cn/rank/20-1-1001.html,千里智测榜
29,关注榜,https://www.autohome.com.cn/rank/2-2001-0-x-x-x-0_9000.html,关注榜
30,保值榜,https://www.autohome.com.cn/rank/6-0-x-x-0_9000.html,保值榜
31,智能科技榜,https://www.autohome.com.cn/rank/16.html,智能科技榜
32,冬季首测榜,https://www.autohome.com.cn/rank/19-101-1011-0-0_9000-1.html,冬季首测榜
33,实测榜,https://www.autohome.com.cn/rank/8-101-1011-0-0_9000.html,实测榜
34,手机版,https://app.autohome.com.cn/apps/m/,手机版
